<?xml version="1.0" encoding="UTF-8"?>
<project-private xmlns="http://www.netbeans.org/ns/project-private/1">
    <editor-bookmarks xmlns="http://www.netbeans.org/ns/editor-bookmarks/2" lastBookmarkId="0"/>
    <open-files xmlns="http://www.netbeans.org/ns/projectui-open-files/2">
        <group>
            <file>file:/Users/joaquin/NetBeansProjects/examen_03/src/Examen_03.java</file>
            <file>file:/Users/joaquin/NetBeansProjects/examen_03/src/examen_03/Asignatura.java</file>
            <file>file:/Users/joaquin/NetBeansProjects/examen_03/src/examen_03/Estudiante.java</file>
        </group>
    </open-files>
</project-private>
